DataSheet – MoSPI Reports on MPLADS,,,,,,,,,,,,,,
The Member of Parliament Local Area Development Scheme (MPLADS) was launched in,,,,,,,,,,,,,,
the year 1993 with the primary purpose of providing financial support to undertake public,,,,,,,,,,,,,,
works in Member of Parliament (MP) Constituencies under the corpus fund created by the,,,,,,,,,,,,,,
"Central Government. Under this Scheme, each MP can recommend public works in their",,,,,,,,,,,,,,
"respective district(s) of their Constituency or other districts. These proposals, if accepted,",,,,,,,,,,,,,,
are undertaken by respective authorities.,,,,,,,,,,,,,,
,The Ministry of Statistics and Programme Implementation (MoSPI) has published,,,,,,,,,,,,,
various,time,to,time,reports,on,the,implementation,of,MPLADS,,with,data,containing,
details,such,as,types,of,works,"proposed,",the,status,of,the,work,"proposals,",amount,
"requested,",,amount,"granted,",,expenditure,,"incurred,",total,amount,,"grated,",status,of,the
"proposal, status of the work sanctioned, etc., from the year 1996 to 2023. Based on these",,,,,,,,,,,,,,
"reports, Factly has made following historically compiled datasets:",,,,,,,,,,,,,,
List of Datasets:,,,,,,,,,,,,,,
•,"Year-, State- and and MP-wise List of Works and Funds sanctioned under MPLADS",,,,,,,,,,,,,
,funds allocated for Sitting Rajya Sabha Members,,,,,,,,,,,,,
•,"Year-, State- and MP-wise List of Works and Funds sanctioned under MPLADS funds",,,,,,,,,,,,,
,allocated for former Rajya Sabha Members,,,,,,,,,,,,,
•,"Year-, State-, District-, Constituency- and MP-wise List of Works and Funds sanctioned",,,,,,,,,,,,,
,under MPLADS funds allocated for 17th Lok Sabha members,,,,,,,,,,,,,
•,"Year-, State-, District-, Constituency- and MP-wise List of Works and Funds sanctioned",,,,,,,,,,,,,
,under MPLADS funds allocated for 16th Lok Sabha members,,,,,,,,,,,,,
•,"Year-, State-, District-, Constituency- and MP-wise List of Works and Funds sanctioned",,,,,,,,,,,,,
,under MPLADS funds allocated for 15th Lok Sabha members,,,,,,,,,,,,,
•,Year- and State-wise Total MPLADS Funds entitled by States and Total Funds released,,,,,,,,,,,,,
,by GoI,,,,,,,,,,,,,
•,"Year-,","State-,",District-,,and,MP-wise,Total,Amount,of,MPLADS,,Funds,released,to
,Sitting Rajya Sabha and 17th Lok Sabha Members,,,,,,,,,,,,,
,,,,,,,,,,,,,1,
DataSheet – MoSPI Reports on MPLADS,,,,,,,,,,,,
•,Year-,and,Quarter-wise,MPLADS,funds,released,to,Rajya,Sabha,and,Lok,Sabha
,Members,,,,,,,,,,,
•,"Year-,","State-,",Constituency-,and,MP-wise,Total,"Entitled,","Released,",,Sanctioned,,and
,Unspent MPLADS funds,,,,,,,,,,,
•,State-wise,,Total,MPLADS,Funds,"Released,","Sanctioned,","Expended,",,Unspent,,and
,Unsanctioned,,,,,,,,,,,
•,"State-, Constituency- and MP-wise Total Entitled, Released, Sanctioned and Unspent",,,,,,,,,,,
,MPLADS funds,,,,,,,,,,,
MPLADS scheme and administration process in brief:,,,,,,,,,,,,
"The main objective of the Scheme is to enable MPs, both Rajya Sabha and Lok Sabha",,,,,,,,,,,,
"Members, with financial support to propose for public works developmental in nature, with",,,,,,,,,,,,
emphasis on the creation of durable community assets based on the locally felt needs of the,,,,,,,,,,,,
people.,,,,,,,,,,,,
,The procedure for proposing the public works by the MPS and executing the work,,,,,,,,,,,
by the authorities is detailed in the MPLADS Guidelines published by the MoSPI. The,,,,,,,,,,,,
guidelines prescribe 3-tier administrative system to implement the Scheme with MoSPI as,,,,,,,,,,,,
the Central Nodal Monitoring Authority and respective State and District Authorities as the,,,,,,,,,,,,
"Implementing Authorities. In a nutshell, the procedure involves the proposal of particular",,,,,,,,,,,,
works to be done in the district(s) of the constituency from which a MP is elected or in,,,,,,,,,,,,
other districts to the District Authority. The said authority then verifies and either approves,,,,,,,,,,,,
"or rejects the proposal of work. If the work is accepted, its execution is undertaken by the",,,,,,,,,,,,
"district authorities. For more information on the Scheme and procedure involved, please",,,,,,,,,,,,
refer to the guidelines.,,,,,,,,,,,,
Territorial jurisdiction for MPLADS works:,,,,,,,,,,,,
The above-mentioned guidelines prescribe the territorial jurisdiction in which public works,,,,,,,,,,,,
can be proposed by Lok Sabha and Rajya Sabha MPs. It is as under:,,,,,,,,,,,,
,,,,,,,,,,,,2
DataSheet – MoSPI Reports on MPLADS,,,,,,,,,,,,,,,,,,
,,,,,,,,,,,,,,Region in which,,,,
Sl.,,Member of,,,,,,,,,,,,,,,,
,,,,,,Choice of Nodal District,,,,,,,,,works can be,,,
No.,,Parliament,,,,,,,,,,,,,,,,
,,,,,,,,,,,,,,,recommended,,,
,,,,,,If Lok Sabha,,,,,,,,,,,,
,,,,,Constituency is within,,,,,The district,,,,,,,,
,,,,,the jurisdiction of one,,,,,,concerned,,,,,,,
,,Elected to,,,,,,,,,,,,Within their respective,,,,
1,,,,,,district,,,,,,,,,,,,
,,,Lok,,,,,,,,,,,"constituencies, except as",,,,
,,,Sabha,,If the Lok Sabha,,,,,,,,,provided in para 3.1.2,,,,
,,,,,Constituency is spread,,,,,Any one of these,,,,,,,,
,,,,,over the jurisdiction of,,,,,,districts,,,,,,,
,,,,,more than one district.,,,,,,,,,,,,,
,,,,,,,,,,,,,,Within the State of,,,,
,,Elected to,,,,,,,,,,,,,,,,
2,,,,,Any district in his/her State of Election,,,,,,,,,"Election, except as",,,,
,,Rajya Sabha,,,,,,,,,,,,,,,,
,,,,,,,,,,,,,,provided in para 3.1.2,,,,
,,Nominated to,,,,,,,,,,,,Anywhere in the,,,,
3,,,,,,Any district in the country,,,,,,,,,,,,
,,Rajya Sabha,,,,,,,,,,,,,country,,,
3.1.2,-,An,elected Member,,,of,Parliament,,can also recommend,,,,works anywhere,,,in the,,
country outside the usual region in which he/ she can recommend work as mentioned in,,,,,,,,,,,,,,,,,,
"para 3.1.1 above, subject to the following conditions:",,,,,,,,,,,,,,,,,,
•,3.1.2.1,-,There,shall,be,ceiling,of,Rs.,25,lakhs,in,a,financial,year,per,Member,of,
,"Parliament for all such recommendations, except in case of calamity.",,,,,,,,,,,,,,,,,
•,"3.1.2.2 - In case of calamity, a Member of Parliament can contribute his MPLADS fund",,,,,,,,,,,,,,,,,
,for,work,in,affected,areas,as,per,the,conditions,,mentioned,,in,Chapter,,8,of,these
,Guidelines.,,,,,,,,,,,,,,,,,
Dataset Sources:,,,,,,,,,,,,,,,,,,
MoSPI reports on MPLADS,,,,,,,,,,,,,,,,,,
Important Notes:,,,,,,,,,,,,,,,,,,
•,"The datasets contain historically compiled data for 10 to more than 20 years. Hence, the",,,,,,,,,,,,,,,,,
,information contained in them is voluminous. Some of the datasets contain the column,,,,,,,,,,,,,,,,,
,with,the,names of works or projects,,,,,which,,have,been,,proposed or sanctioned. Since,,,,,
,,,,,,,,,,,,,,,,,3,
DataSheet – MoSPI Reports on MPLADS,,,,,,,,,,,,,,
,"these works names are different, voluminous, and because they cannot be verified, they",,,,,,,,,,,,,
,have,not,been,standardized.,"Therefore,",names,of,the,works,have,been,given,in,the
,datasets as they are presented in the raw data.,,,,,,,,,,,,,
•,"Due to Covid19 pandemic, MPLADS was suspended from April 6, 2020 to November",,,,,,,,,,,,,
,"9, 2021, and no funds were allocated to the scheme for FY 2020-21.",,,,,,,,,,,,,
,,,,,,,,,,,,,4,
